[
   {
      "id":22,
      "title":"Babanis",
     },
   {
      "id":54,
      "title":"Babanis",
   },
   {
      "id":7,
       "title":"Babanis",
   },
   {
      "id":19,
     "title":"Babanis",
   },
   {
      "id":46,
      "title":"Babanis",
   },
   {
      "id":6,
     "title":"Babanis",
   },
   {
      "id":60,
      "title":"Babanis",
   },
   {
      "id":58,
     
   },
   {
      "id":75,
      "title":"Babanis",
   },
   {
      "id":77,
     "title":"Babanis",
   },
   {
      "id":27,
     "title":"Babanis",
   },
   {
      "id":2,
      "title":"Babanis",
   },
   {
      "id":24,
    "title":"Babanis",
   },
   {
      "id":13,
     "title":"Babanis",
   },
   {
      "id":101,
      "title":"Babanis",
   },
   {
      "id":102,
    "title":"Babanis",
   }
]